Description,Scientific Name,Max Score,Total Score,Query Cover,E value,Per. ident,Acc. Len,Accession  
Vitis vinifera cultivar Pinot Noir 40024 chromosome 17,Vitis vinifera,36.2,1409,100%,0.088,100.00,19942836,"=HYPERLINK(""https://www.ncbi.nlm.nih.gov/nucleotide/CP126664.1?report=genbank&log$=nucltop&blast_rank=1&RID=G8WTG81Y013"",""CP126664.1"")"
"Vitis vinifera contig VV78X041081.7, whole genome shotgun sequence",Vitis vinifera,36.2,36.2,85%,0.088,100.00,19487,"=HYPERLINK(""https://www.ncbi.nlm.nih.gov/nucleotide/AM486116.2?report=genbank&log$=nucltop&blast_rank=2&RID=G8WTG81Y013"",""AM486116.2"")"
"Vitis vinifera MYBC2L2 gene, complete cds",Vitis vinifera,36.2,36.2,85%,0.088,100.00,2295,"=HYPERLINK(""https://www.ncbi.nlm.nih.gov/nucleotide/MH223405.1?report=genbank&log$=nucltop&blast_rank=3&RID=G8WTG81Y013"",""MH223405.1"")"
"Vitis vinifera transcription repressor MYB6-like (MYBC2-L2), mRNA",Vitis vinifera,36.2,36.2,85%,0.088,100.00,690,"=HYPERLINK(""https://www.ncbi.nlm.nih.gov/nucleotide/NM_001281251.1?report=genbank&log$=nucltop&blast_rank=4&RID=G8WTG81Y013"",""NM_001281251.1"")"
Vitis vinifera cultivar Pinot Noir 40024 chromosome 9,Vitis vinifera,32.2,3025,100%,1.4,100.00,24372199,"=HYPERLINK(""https://www.ncbi.nlm.nih.gov/nucleotide/CP126656.1?report=genbank&log$=nucltop&blast_rank=5&RID=G8WTG81Y013"",""CP126656.1"")"



		


