Description,Scientific Name,Max Score,Total Score,Query Cover,E value,Per. ident,Acc. Len,Accession  
Vitis vinifera cultivar Pinot Noir 40024 chromosome 3,Vitis vinifera,34.2,2172,100%,0.35,100.00,21317290,"=HYPERLINK(""https://www.ncbi.nlm.nih.gov/nucleotide/CP126650.1?report=genbank&log$=nucltop&blast_rank=1&RID=G8WEUFEM01R"",""CP126650.1"")"
"Vitis vinifera contig VV78X190990.7, whole genome shotgun sequence",Vitis vinifera,34.2,34.2,80%,0.35,100.00,9000,"=HYPERLINK(""https://www.ncbi.nlm.nih.gov/nucleotide/AM432800.1?report=genbank&log$=nucltop&blast_rank=2&RID=G8WEUFEM01R"",""AM432800.1"")"
"Vitis vinifera MYBC2L2 gene, complete cds",Vitis vinifera,32.2,32.2,76%,1.4,100.00,2295,"=HYPERLINK(""https://www.ncbi.nlm.nih.gov/nucleotide/MH223405.1?report=genbank&log$=nucltop&blast_rank=3&RID=G8WEUFEM01R"",""MH223405.1"")"
Vitis vinifera cultivar Pinot Noir 40024 chromosome 17,Vitis vinifera,32.2,1527,100%,1.4,100.00,19942836,"=HYPERLINK(""https://www.ncbi.nlm.nih.gov/nucleotide/CP126664.1?report=genbank&log$=nucltop&blast_rank=4&RID=G8WEUFEM01R"",""CP126664.1"")"
Vitis vinifera cultivar Pinot Noir 40024 chromosome 9,Vitis vinifera,32.2,2975,100%,1.4,100.00,24372199,"=HYPERLINK(""https://www.ncbi.nlm.nih.gov/nucleotide/CP126656.1?report=genbank&log$=nucltop&blast_rank=5&RID=G8WEUFEM01R"",""CP126656.1"")"



		


