Description,Scientific Name,Max Score,Total Score,Query Cover,E value,Per. ident,Acc. Len,Accession  
Vitis vinifera cultivar Pinot Noir 40024 chromosome 5,Vitis vinifera,32.2,1713,100%,1.4,100.00,26899771,"=HYPERLINK(""https://www.ncbi.nlm.nih.gov/nucleotide/CP126652.1?report=genbank&log$=nucltop&blast_rank=1&RID=G8WMW1T501R"",""CP126652.1"")"
Vitis vinifera cultivar Pinot Noir 40024 chromosome 1,Vitis vinifera,32.2,1440,100%,1.4,100.00,27822162,"=HYPERLINK(""https://www.ncbi.nlm.nih.gov/nucleotide/CP126648.1?report=genbank&log$=nucltop&blast_rank=2&RID=G8WMW1T501R"",""CP126648.1"")"
"Vitis vinifera contig VV78X001868.9, whole genome shotgun sequence",Vitis vinifera,32.2,32.2,76%,1.4,100.00,3590,"=HYPERLINK(""https://www.ncbi.nlm.nih.gov/nucleotide/AM464423.2?report=genbank&log$=nucltop&blast_rank=3&RID=G8WMW1T501R"",""AM464423.2"")"
"Vitis vinifera contig VV78X204601.17, whole genome shotgun sequence",Vitis vinifera,32.2,32.2,76%,1.4,100.00,52818,"=HYPERLINK(""https://www.ncbi.nlm.nih.gov/nucleotide/AM445367.2?report=genbank&log$=nucltop&blast_rank=4&RID=G8WMW1T501R"",""AM445367.2"")"
"Vitis vinifera, whole genome shotgun sequence, contig VV78X026484.5, clone ENTAV 115",Vitis vinifera,32.2,32.2,76%,1.4,100.00,19947,"=HYPERLINK(""https://www.ncbi.nlm.nih.gov/nucleotide/AM448581.1?report=genbank&log$=nucltop&blast_rank=5&RID=G8WMW1T501R"",""AM448581.1"")"



		


